index,latitude,longitude,elevation,elevationSource,distance,gradient,terrainClass,baselineSpeed,profileAdjustment,targetAdjustment,finalSpeed,heartRate,cadence,timestamp,movingTime,totalTime,stopState
0,-7.249550,112.750300,50.1,ORIGINAL,0.0,-0.04,FLAT,35.66,0.00,0.00,35.66,138,88,1791443182090,0,0,MOVING
1,-7.249100,112.750600,50.1,ORIGINAL,60.0,-0.00,FLAT,35.66,0.00,0.00,35.66,149,91,1791443188146,6,6,MOVING
2,-7.248650,112.750900,50.1,ORIGINAL,120.0,-0.03,FLAT,35.66,0.00,0.00,35.66,156,92,1791443194202,12,12,MOVING
3,-7.248200,112.751200,50.0,ORIGINAL,180.0,-0.00,FLAT,35.66,0.00,0.00,35.66,160,92,1791443200258,18,18,MOVING
4,-7.247750,112.751500,50.1,ORIGINAL,240.0,-0.02,FLAT,35.66,0.00,0.00,35.66,162,92,1791443206314,24,24,MOVING
5,-7.247300,112.751800,50.0,ORIGINAL,300.0,0.02,FLAT,35.51,0.00,0.00,35.51,164,92,1791443212396,30,30,MOVING
6,-7.246850,112.752100,50.1,ORIGINAL,359.9,-0.02,FLAT,35.66,0.00,0.00,35.66,165,92,1791443218452,36,36,MOVING
7,-7.246400,112.752400,50.0,ORIGINAL,419.9,0.02,FLAT,35.51,0.00,0.00,35.51,165,92,1791443224534,42,42,MOVING
8,-7.245950,112.752700,50.1,ORIGINAL,479.9,-0.02,FLAT,35.66,0.00,0.00,35.66,166,92,1791443230590,48,48,MOVING
9,-7.245500,112.753000,50.0,ORIGINAL,539.9,0.02,FLAT,35.51,0.00,0.00,35.51,166,92,1791443236672,55,55,MOVING
10,-7.245050,112.753300,50.1,ORIGINAL,599.9,-0.02,FLAT,35.66,0.00,0.00,35.66,166,92,1791443242728,61,61,MOVING
11,-7.244600,112.753600,50.0,ORIGINAL,659.9,0.02,FLAT,35.51,0.00,0.00,35.51,166,92,1791443248810,67,67,MOVING
12,-7.244150,112.753900,50.1,ORIGINAL,719.9,-0.02,FLAT,35.66,0.00,0.00,35.66,166,92,1791443254866,73,73,MOVING
13,-7.243700,112.754200,50.0,ORIGINAL,779.9,0.02,FLAT,35.51,0.00,0.00,35.51,166,92,1791443260948,79,79,MOVING
14,-7.243250,112.754500,50.1,ORIGINAL,839.9,-0.02,FLAT,35.66,0.00,0.00,35.66,166,92,1791443267004,85,85,MOVING
15,-7.242800,112.754800,50.0,ORIGINAL,899.9,0.02,FLAT,35.51,0.00,0.00,35.51,166,92,1791443273086,91,91,MOVING
16,-7.242350,112.755100,50.1,ORIGINAL,959.8,-0.02,FLAT,35.66,0.00,0.00,35.66,166,92,1791443279142,97,97,MOVING
17,-7.241900,112.755400,50.0,ORIGINAL,1019.8,0.02,FLAT,35.51,0.00,0.00,35.51,166,92,1791443285224,103,103,MOVING
18,-7.241450,112.755700,50.1,ORIGINAL,1079.8,-0.02,FLAT,35.66,0.00,0.00,35.66,166,92,1791443291280,109,109,MOVING
19,-7.241000,112.756000,50.0,ORIGINAL,1139.8,0.02,FLAT,35.51,0.00,0.00,35.51,166,92,1791443297362,115,115,MOVING
20,-7.240550,112.756300,50.1,ORIGINAL,1199.8,-0.02,FLAT,35.66,0.00,0.00,35.66,166,92,1791443303418,121,121,MOVING
21,-7.240100,112.756600,50.0,ORIGINAL,1259.8,0.02,FLAT,35.51,0.00,0.00,35.51,166,92,1791443309500,127,127,MOVING
22,-7.239650,112.756900,50.1,ORIGINAL,1319.8,-0.02,FLAT,35.66,0.00,0.00,35.66,166,92,1791443315556,133,133,MOVING
23,-7.239200,112.757200,50.0,ORIGINAL,1379.8,0.02,FLAT,35.51,0.00,0.00,35.51,166,92,1791443321638,140,140,MOVING
24,-7.238750,112.757500,50.1,ORIGINAL,1439.8,-0.02,FLAT,35.66,0.00,0.00,35.66,166,92,1791443327694,146,146,MOVING
25,-7.238300,112.757800,50.0,ORIGINAL,1499.8,0.02,FLAT,35.51,0.00,0.00,35.51,166,92,1791443333776,152,152,MOVING
26,-7.237850,112.758100,50.1,ORIGINAL,1559.8,-0.02,FLAT,35.66,0.00,0.00,35.66,166,92,1791443339832,158,158,MOVING
27,-7.237400,112.758400,50.0,ORIGINAL,1619.7,1.00,FLAT,30.18,0.00,0.00,30.18,165,90,1791443346989,165,165,MOVING
28,-7.236950,112.758700,50.9,ORIGINAL,1679.7,1.98,FLAT,26.24,0.00,0.00,26.24,163,88,1791443355221,173,173,MOVING
29,-7.236500,112.759000,52.5,ORIGINAL,1739.7,3.00,CLIMB,23.08,0.00,0.00,23.08,162,88,1791443364580,182,182,MOVING
30,-7.236050,112.759300,55.1,ORIGINAL,1799.7,3.98,CLIMB,20.70,0.00,0.00,20.70,160,86,1791443375014,193,193,MOVING
31,-7.235600,112.759600,58.4,ORIGINAL,1859.7,5.00,CLIMB,18.68,0.00,0.00,18.68,160,83,1791443386576,204,204,MOVING
32,-7.235150,112.759900,62.6,ORIGINAL,1919.7,5.98,CLIMB,17.09,0.00,0.00,17.09,159,81,1791443399212,217,217,MOVING
33,-7.234700,112.760200,66.8,ORIGINAL,1979.7,7.00,CLIMB,15.69,0.00,0.00,15.69,160,79,1791443412976,231,231,MOVING
34,-7.234250,112.760500,71.0,ORIGINAL,2039.7,7.00,CLIMB,15.69,0.00,0.00,15.69,161,79,1791443426740,245,245,MOVING
35,-7.233800,112.760800,75.2,ORIGINAL,2099.7,7.00,CLIMB,15.69,0.00,0.00,15.69,161,79,1791443440504,258,258,MOVING
36,-7.233350,112.761100,79.4,ORIGINAL,2159.7,7.00,CLIMB,15.69,0.00,0.00,15.69,161,79,1791443454268,272,272,MOVING
37,-7.232900,112.761400,83.6,ORIGINAL,2219.7,7.00,CLIMB,15.69,0.00,0.00,15.69,161,79,1791443468032,286,286,MOVING
38,-7.232450,112.761700,87.8,ORIGINAL,2279.6,7.00,CLIMB,15.69,0.00,0.00,15.69,161,79,1791443481796,300,300,MOVING
39,-7.232000,112.762000,92.0,ORIGINAL,2339.6,7.00,CLIMB,15.69,0.00,0.00,15.69,161,79,1791443495560,313,313,MOVING
40,-7.231550,112.762300,96.2,ORIGINAL,2399.6,7.00,CLIMB,15.69,0.00,0.00,15.69,161,79,1791443509324,327,327,MOVING
41,-7.231100,112.762600,100.4,ORIGINAL,2459.6,7.00,CLIMB,15.69,0.00,0.00,15.69,161,79,1791443523088,341,341,MOVING
42,-7.230650,112.762900,104.6,ORIGINAL,2519.6,7.00,CLIMB,15.69,0.00,0.00,15.69,161,79,1791443536852,355,355,MOVING
43,-7.230200,112.763200,108.8,ORIGINAL,2579.6,7.00,CLIMB,15.69,0.00,0.00,15.69,161,79,1791443550616,369,369,MOVING
44,-7.229750,112.763500,113.0,ORIGINAL,2639.6,7.00,CLIMB,15.69,0.00,0.00,15.69,161,79,1791443564380,382,382,MOVING
45,-7.229300,112.763800,117.2,ORIGINAL,2699.6,7.00,CLIMB,15.69,0.00,0.00,15.69,161,79,1791443578144,396,396,MOVING
46,-7.228850,112.764100,121.4,ORIGINAL,2759.6,7.00,CLIMB,15.69,0.00,0.00,15.69,161,79,1791443591908,410,410,MOVING
47,-7.228400,112.764400,125.6,ORIGINAL,2819.6,7.00,CLIMB,15.69,0.00,0.00,15.69,161,79,1791443605672,424,424,MOVING
48,-7.227950,112.764700,129.8,ORIGINAL,2879.6,7.00,CLIMB,15.69,0.00,0.00,15.69,161,79,1791443619436,437,437,MOVING
49,-7.227500,112.765000,134.0,ORIGINAL,2939.5,7.00,CLIMB,15.69,0.00,0.00,15.69,161,79,1791443633200,451,451,MOVING
50,-7.227050,112.765300,138.2,ORIGINAL,2999.5,7.00,CLIMB,15.69,0.00,0.00,15.69,161,79,1791443646964,465,465,MOVING
51,-7.226600,112.765600,142.4,ORIGINAL,3059.5,7.00,CLIMB,15.69,0.00,0.00,15.69,161,79,1791443660728,479,479,MOVING
52,-7.226150,112.765900,146.6,ORIGINAL,3119.5,7.00,CLIMB,15.69,0.00,0.00,15.69,161,79,1791443674492,492,492,MOVING
53,-7.225700,112.766200,150.8,ORIGINAL,3179.5,7.00,CLIMB,15.69,0.00,0.00,15.69,161,79,1791443688256,506,506,MOVING
54,-7.225250,112.766500,155.0,ORIGINAL,3239.5,7.00,CLIMB,15.69,0.00,0.00,15.69,161,79,1791443702020,520,520,MOVING
55,-7.224800,112.766800,159.2,ORIGINAL,3299.5,7.00,CLIMB,15.69,0.00,0.00,15.69,161,79,1791443715784,534,534,MOVING
56,-7.224350,112.767100,163.4,ORIGINAL,3359.5,7.00,CLIMB,15.69,0.00,0.00,15.69,161,79,1791443729548,547,547,MOVING
57,-7.223900,112.767400,167.6,ORIGINAL,3419.5,7.00,CLIMB,15.69,0.00,0.00,15.69,161,79,1791443743312,561,561,MOVING
58,-7.223450,112.767700,171.8,ORIGINAL,3479.5,7.00,CLIMB,15.69,0.00,0.00,15.69,161,79,1791443757076,575,575,MOVING
59,-7.223000,112.768000,176.0,ORIGINAL,3539.5,7.00,CLIMB,15.69,0.00,0.00,15.69,161,79,1791443770840,589,589,MOVING
60,-7.222550,112.768300,180.2,ORIGINAL,3599.5,7.00,CLIMB,15.69,0.00,0.00,15.69,161,79,1791443784604,603,603,MOVING
61,-7.222100,112.768600,184.4,ORIGINAL,3659.4,7.00,CLIMB,15.69,0.00,0.00,15.69,161,79,1791443798368,616,616,MOVING
62,-7.221650,112.768900,188.6,ORIGINAL,3719.4,7.00,CLIMB,15.69,0.00,0.00,15.69,161,79,1791443812132,630,630,MOVING
63,-7.221200,112.769200,192.8,ORIGINAL,3779.4,7.00,CLIMB,15.69,0.00,0.00,15.69,161,79,1791443825896,644,644,MOVING
64,-7.220750,112.769500,197.0,ORIGINAL,3839.4,7.00,CLIMB,15.69,0.00,0.00,15.69,161,79,1791443839660,658,658,MOVING
65,-7.220300,112.769800,201.2,ORIGINAL,3899.4,7.00,CLIMB,15.69,0.00,0.00,15.69,161,79,1791443853424,671,671,MOVING
66,-7.219850,112.770100,205.4,ORIGINAL,3959.4,7.00,CLIMB,15.69,0.00,0.00,15.69,161,79,1791443867188,685,685,MOVING
67,-7.219400,112.770400,209.6,ORIGINAL,4019.4,7.00,CLIMB,15.69,0.00,0.00,15.69,161,79,1791443880952,699,699,MOVING
68,-7.218950,112.770700,213.8,ORIGINAL,4079.4,4.86,CLIMB,18.94,0.00,0.00,18.94,160,83,1791443892356,710,710,MOVING
69,-7.218500,112.771000,216.2,ORIGINAL,4139.4,2.71,CLIMB,23.88,0.00,0.00,23.88,159,86,1791443901401,719,719,MOVING
70,-7.218050,112.771300,216.8,ORIGINAL,4199.4,0.57,FLAT,31.08,0.00,0.00,31.08,160,89,1791443908350,726,726,MOVING
71,-7.217600,112.771600,215.6,ORIGINAL,4259.4,-1.57,FLAT,38.28,0.00,0.00,38.28,164,92,1791443913992,732,732,MOVING
72,-7.217150,112.771900,212.6,ORIGINAL,4319.4,-3.71,DOWNHILL,45.48,0.00,0.00,45.48,168,8,1791443918741,737,737,MOVING
73,-7.216700,112.772200,207.8,ORIGINAL,4379.3,-5.86,DOWNHILL,52.68,0.00,0.00,52.68,171,1,1791443922841,741,741,MOVING
74,-7.216250,112.772500,203.0,ORIGINAL,4439.3,-8.00,DOWNHILL,59.88,0.00,0.00,59.88,173,0,1791443926448,744,744,MOVING
75,-7.215800,112.772800,198.2,ORIGINAL,4499.3,-8.00,DOWNHILL,61.33,0.00,0.00,61.33,175,0,1791443929970,748,748,MOVING
76,-7.215350,112.773100,193.4,ORIGINAL,4559.3,-8.00,DOWNHILL,61.33,0.00,0.00,61.33,176,0,1791443933492,751,751,MOVING
77,-7.214900,112.773400,188.6,ORIGINAL,4619.3,-8.00,DOWNHILL,61.33,0.00,0.00,61.33,177,0,1791443937014,755,755,MOVING
78,-7.214450,112.773700,183.8,ORIGINAL,4679.3,-8.00,DOWNHILL,61.33,0.00,0.00,61.33,178,0,1791443940536,758,758,MOVING
79,-7.214000,112.774000,179.0,ORIGINAL,4739.3,-8.00,DOWNHILL,61.33,0.00,0.00,61.33,178,0,1791443944058,762,762,MOVING
80,-7.213550,112.774300,174.2,ORIGINAL,4799.3,-8.00,DOWNHILL,61.33,0.00,0.00,61.33,179,0,1791443947580,765,765,MOVING
81,-7.213100,112.774600,169.4,ORIGINAL,4859.3,-8.00,DOWNHILL,61.33,0.00,0.00,61.33,179,0,1791443951102,769,769,MOVING
82,-7.212650,112.774900,164.6,ORIGINAL,4919.3,-8.00,DOWNHILL,61.33,0.00,0.00,61.33,179,0,1791443954624,773,773,MOVING
83,-7.212200,112.775200,159.8,ORIGINAL,4979.3,-8.00,DOWNHILL,61.33,0.00,0.00,61.33,179,0,1791443958146,776,776,MOVING
84,-7.211750,112.775500,155.0,ORIGINAL,5039.3,-8.00,DOWNHILL,61.33,0.00,0.00,61.33,179,0,1791443961668,780,780,MOVING
85,-7.211300,112.775800,150.2,ORIGINAL,5099.2,-8.00,DOWNHILL,61.33,0.00,0.00,61.33,179,0,1791443965190,783,783,MOVING
86,-7.210850,112.776100,145.4,ORIGINAL,5159.2,-8.00,DOWNHILL,61.33,0.00,0.00,61.33,180,0,1791443968712,787,787,MOVING
87,-7.210400,112.776400,140.6,ORIGINAL,5219.2,-8.00,DOWNHILL,61.33,0.00,0.00,61.33,180,0,1791443972234,790,790,MOVING
88,-7.209950,112.776700,135.8,ORIGINAL,5279.2,-8.00,DOWNHILL,61.33,0.00,0.00,61.33,180,0,1791443975756,794,794,MOVING
89,-7.209500,112.777000,131.0,ORIGINAL,5339.2,-8.00,DOWNHILL,61.33,0.00,0.00,61.33,180,0,1791443979278,797,797,MOVING
90,-7.209050,112.777300,126.2,ORIGINAL,5399.2,-8.00,DOWNHILL,61.33,0.00,0.00,61.33,180,0,1791443982800,801,801,MOVING
91,-7.208600,112.777600,121.4,ORIGINAL,5459.2,-8.00,DOWNHILL,61.33,0.00,0.00,61.33,180,0,1791443986322,804,804,MOVING
92,-7.208150,112.777900,116.6,ORIGINAL,5519.2,-8.00,DOWNHILL,61.33,0.00,0.00,61.33,180,0,1791443989844,808,808,MOVING
93,-7.207700,112.778200,111.8,ORIGINAL,5579.2,-8.00,DOWNHILL,61.33,0.00,0.00,61.33,180,0,1791443993366,811,811,MOVING
94,-7.207250,112.778500,107.0,ORIGINAL,5639.2,-8.00,DOWNHILL,61.33,0.00,0.00,61.33,180,0,1791443996888,815,815,MOVING
95,-7.206800,112.778800,102.2,ORIGINAL,5699.2,-8.00,DOWNHILL,61.33,0.00,0.00,61.33,180,0,1791444000410,818,818,MOVING
96,-7.206350,112.779100,97.4,ORIGINAL,5759.2,-8.00,DOWNHILL,61.33,0.00,0.00,61.33,180,0,1791444003932,822,822,MOVING
97,-7.205900,112.779400,92.6,ORIGINAL,5819.1,-8.00,DOWNHILL,61.33,0.00,0.00,61.33,180,0,1791444007454,825,825,MOVING
98,-7.205450,112.779700,87.8,ORIGINAL,5879.1,-6.88,DOWNHILL,59.46,0.00,0.00,59.46,180,0,1791444011086,829,829,MOVING
99,-7.205000,112.780000,83.9,ORIGINAL,5939.1,-5.72,DOWNHILL,57.35,0.00,0.00,57.35,180,0,1791444014852,833,833,MOVING
100,-7.204550,112.780300,81.1,ORIGINAL,5999.1,-4.60,DOWNHILL,55.11,0.00,0.00,55.11,180,0,1791444018771,837,837,MOVING
101,-7.204100,112.780600,79.1,ORIGINAL,6059.1,-3.43,DOWNHILL,52.46,0.00,0.00,52.46,180,0,1791444022888,841,841,MOVING
102,-7.203650,112.780900,78.2,ORIGINAL,6119.1,-2.31,DOWNHILL,49.77,0.00,0.00,49.77,180,56,1791444027227,845,845,MOVING
103,-7.203200,112.781200,78.1,ORIGINAL,6179.1,-1.14,FLAT,45.78,0.00,0.00,45.78,180,81,1791444031945,850,850,MOVING
104,-7.202750,112.781500,78.2,ORIGINAL,6239.1,-0.02,FLAT,38.58,0.00,0.00,38.58,178,89,1791444037543,855,855,MOVING
105,-7.202300,112.781800,78.1,ORIGINAL,6299.1,0.02,FLAT,35.51,0.00,0.00,35.51,176,91,1791444043625,862,862,MOVING
106,-7.201850,112.782100,78.2,ORIGINAL,6359.1,-0.02,FLAT,35.66,0.00,0.00,35.66,174,92,1791444049681,868,868,MOVING
107,-7.201400,112.782400,78.1,ORIGINAL,6419.1,0.02,FLAT,35.51,0.00,0.00,35.51,173,92,1791444055763,874,874,MOVING
108,-7.200950,112.782700,78.2,ORIGINAL,6479.1,-0.02,FLAT,35.66,0.00,0.00,35.66,172,92,1791444061819,880,880,MOVING
109,-7.200500,112.783000,78.1,ORIGINAL,6539.1,0.02,FLAT,35.51,0.00,0.00,35.51,171,92,1791444067901,886,886,MOVING
110,-7.200050,112.783300,78.2,ORIGINAL,6599.0,-0.02,FLAT,35.66,0.00,0.00,35.66,170,92,1791444073957,892,892,MOVING
111,-7.199600,112.783600,78.1,ORIGINAL,6659.0,0.02,FLAT,35.51,0.00,0.00,35.51,169,92,1791444080039,898,898,MOVING
112,-7.199150,112.783900,78.2,ORIGINAL,6719.0,-0.02,FLAT,35.66,0.00,0.00,35.66,169,92,1791444086095,904,904,MOVING
113,-7.198700,112.784200,78.1,ORIGINAL,6779.0,0.02,FLAT,35.51,0.00,0.00,35.51,168,92,1791444092177,910,910,MOVING
114,-7.198250,112.784500,78.2,ORIGINAL,6839.0,-0.02,FLAT,35.66,0.00,0.00,35.66,168,92,1791444098233,916,916,MOVING
115,-7.197800,112.784800,78.1,ORIGINAL,6899.0,0.02,FLAT,35.51,0.00,0.00,35.51,167,92,1791444104315,922,922,MOVING
116,-7.197350,112.785100,78.2,ORIGINAL,6959.0,-0.02,FLAT,35.66,0.00,0.00,35.66,167,92,1791444110371,928,928,MOVING
117,-7.196900,112.785400,78.1,ORIGINAL,7019.0,0.02,FLAT,35.51,0.00,0.00,35.51,167,92,1791444116453,934,934,MOVING
118,-7.196450,112.785700,78.2,ORIGINAL,7079.0,-0.02,FLAT,35.66,0.00,0.00,35.66,167,92,1791444122509,940,940,MOVING
119,-7.196000,112.786000,78.1,ORIGINAL,7139.0,0.02,FLAT,35.51,0.00,0.00,35.51,167,92,1791444128591,946,946,MOVING
120,-7.195550,112.786300,78.2,ORIGINAL,7199.0,-0.02,FLAT,35.66,0.00,0.00,35.66,167,92,1791444134647,953,953,MOVING
121,-7.195100,112.786600,78.1,ORIGINAL,7259.0,0.02,FLAT,35.51,0.00,0.00,35.51,166,92,1791444140729,959,959,MOVING
122,-7.194650,112.786900,78.2,ORIGINAL,7319.0,-0.02,FLAT,35.66,0.00,0.00,35.66,166,92,1791444146785,965,965,MOVING
123,-7.194200,112.787200,78.1,ORIGINAL,7378.9,0.02,FLAT,35.51,0.00,0.00,35.51,166,92,1791444152867,971,971,MOVING
124,-7.193750,112.787500,78.2,ORIGINAL,7438.9,-0.02,FLAT,35.66,0.00,0.00,35.66,166,92,1791444158923,977,977,MOVING
125,-7.193300,112.787800,78.1,ORIGINAL,7498.9,0.02,FLAT,35.51,0.00,0.00,35.51,166,92,1791444165005,983,983,MOVING
126,-7.192850,112.788100,78.2,ORIGINAL,7558.9,-0.02,FLAT,35.66,0.00,0.00,35.66,166,92,1791444171061,989,989,MOVING
127,-7.192400,112.788400,78.1,ORIGINAL,7618.9,0.02,FLAT,35.51,0.00,0.00,35.51,166,92,1791444177143,995,995,MOVING
128,-7.191950,112.788700,78.2,ORIGINAL,7678.9,-0.02,FLAT,35.66,0.00,0.00,35.66,166,92,1791444183199,1001,1001,MOVING
129,-7.191500,112.789000,78.1,ORIGINAL,7738.9,0.02,FLAT,35.51,0.00,0.00,35.51,166,92,1791444189281,1007,1007,MOVING
130,-7.191050,112.789300,78.2,ORIGINAL,7798.9,-0.02,FLAT,35.66,0.00,0.00,35.66,166,92,1791444195337,1013,1013,MOVING
131,-7.190600,112.789600,78.1,ORIGINAL,7858.9,0.02,FLAT,35.51,0.00,0.00,35.51,166,92,1791444201419,1019,1019,MOVING
132,-7.190150,112.789900,78.2,ORIGINAL,7918.9,-0.02,FLAT,35.66,0.00,0.00,35.66,166,92,1791444207475,1025,1025,MOVING
133,-7.189700,112.790200,78.1,ORIGINAL,7978.9,0.02,FLAT,35.51,0.00,0.00,35.51,166,92,1791444213557,1031,1031,MOVING
134,-7.189250,112.790500,78.2,ORIGINAL,8038.9,-0.02,FLAT,35.66,0.00,0.00,35.66,166,92,1791444219613,1038,1038,MOVING
135,-7.188800,112.790800,78.1,ORIGINAL,8098.9,0.02,FLAT,35.51,0.00,0.00,35.51,166,92,1791444225695,1044,1044,MOVING
136,-7.188350,112.791100,78.2,ORIGINAL,8158.9,-0.02,FLAT,35.66,0.00,0.00,35.66,166,92,1791444231751,1050,1050,MOVING
137,-7.187900,112.791400,78.1,ORIGINAL,8218.8,0.02,FLAT,35.51,0.00,0.00,35.51,166,92,1791444237833,1056,1056,MOVING
138,-7.187450,112.791700,78.2,ORIGINAL,8278.8,-0.02,FLAT,35.66,0.00,0.00,35.66,166,92,1791444243889,1062,1062,MOVING
139,-7.187000,112.792000,78.1,ORIGINAL,8338.8,0.02,FLAT,35.51,0.00,0.00,35.51,166,92,1791444249971,1068,1068,MOVING
140,-7.186550,112.792300,78.2,ORIGINAL,8398.8,-0.02,FLAT,35.66,0.00,0.00,35.66,166,92,1791444256027,1074,1074,MOVING
141,-7.186100,112.792600,78.1,ORIGINAL,8458.8,0.02,FLAT,35.51,0.00,0.00,35.51,166,92,1791444262109,1080,1080,MOVING
142,-7.185650,112.792900,78.2,ORIGINAL,8518.8,-0.02,FLAT,35.66,0.00,0.00,35.66,166,92,1791444268165,1086,1086,MOVING
143,-7.185200,112.793200,78.1,ORIGINAL,8578.8,0.02,FLAT,35.51,0.00,0.00,35.51,166,92,1791444274247,1092,1092,MOVING
144,-7.184750,112.793500,78.2,ORIGINAL,8638.8,-0.02,FLAT,35.66,0.00,0.00,35.66,166,92,1791444280303,1098,1098,MOVING
145,-7.184300,112.793800,78.1,ORIGINAL,8698.8,0.02,FLAT,35.51,0.00,0.00,35.51,166,92,1791444286385,1104,1104,MOVING
146,-7.183850,112.794100,78.2,ORIGINAL,8758.8,-0.02,FLAT,35.66,0.00,0.00,35.66,166,92,1791444292441,1110,1110,MOVING
147,-7.183400,112.794400,78.1,ORIGINAL,8818.8,0.00,FLAT,35.66,0.00,0.00,35.66,166,92,1791444298497,1116,1116,MOVING
148,-7.182950,112.794700,78.2,ORIGINAL,8878.8,-0.03,FLAT,35.66,0.00,0.00,35.66,166,92,1791444304553,1122,1122,MOVING
149,-7.182500,112.795000,78.1,ORIGINAL,8938.8,0.00,FLAT,35.66,0.00,0.00,35.66,166,92,1791444310609,1128,1128,MOVING
